worker, file, time 
29, 76, 108.11074638366699 
21, 60, 72.4798800945282 
3, 54, 92.55618906021118 
25, 78, 118.683358669281 
22, 16, 17.567039012908936 
5, 56, 61.58286643028259 
11, 34, 34.598838806152344 
9, 52, 54.24890756607056 
6, 14, 23.975317239761353 
16, 4, 10.185772180557251 
18, 26, 30.52706217765808 
17, 44, 43.368213415145874 
25, 16, 16.31510329246521 
10, 2, 11.24025273323059 
13, 56, 62.14583730697632 
20, 46, 55.997528076171875 
10, 12, 8.93061113357544 
5, 60, 62.933170557022095 
16, 78, 85.16271615028381 
9, 40, 39.93471074104309 
27, 66, 110.39070153236389 
1, 22, 97.62906646728516 
30, 62, 97.18683290481567 
21, 10, 12.202007532119751 
27, 46, 64.2909767627716 
15, 46, 50.560778856277466 
21, 50, 60.96286463737488 
5, 42, 45.406658411026 
31, 64, 98.96567749977112 
14, 64, 66.3643810749054 
28, 10, 11.554653406143188 
32, 46, 72.49824786186218 
4, 46, 53.85070085525513 
19, 2, 4.733563661575317 
13, 18, 26.809998750686646 
4, 6, 8.552983522415161 
11, 6, 9.526500225067139 
6, 34, 32.51893639564514 
6, 74, 70.14067578315735 
18, 46, 58.778809547424316 
8, 48, 51.83828520774841 
24, 6, 6.690786123275757 
9, 76, 73.10569739341736 
2, 2, 17.310412883758545 
25, 12, 13.334049463272095 
32, 22, 30.01335072517395 
8, 66, 65.169517993927 
25, 62, 88.30224299430847 
5, 52, 51.69471025466919 
7, 44, 41.29716897010803 
11, 72, 70.84594297409058 
16, 18, 18.14767837524414 
22, 34, 39.649986743927 
5, 74, 79.5754029750824 
8, 62, 69.17282438278198 
14, 22, 23.72832489013672 
32, 48, 80.72351121902466 
11, 8, 17.477609634399414 
21, 36, 38.40082287788391 
31, 40, 49.708441734313965 
10, 40, 40.05972123146057 
32, 54, 90.97062516212463 
19, 24, 25.22473645210266 
14, 20, 20.467585563659668 
5, 66, 72.55204892158508 
15, 2, 2.733181953430176 
15, 72, 80.24769258499146 
9, 54, 57.9734411239624 
24, 4, 11.266713380813599 
11, 44, 40.688374280929565 
3, 34, 57.253947019577026 
32, 32, 37.06666302680969 
13, 6, 8.055774688720703 
24, 66, 108.01085090637207 
8, 16, 25.76247811317444 
13, 10, 9.052434921264648 
13, 62, 71.1361014842987 
22, 48, 53.10976314544678 
1, 72, 305.9015419483185 
12, 20, 15.825762271881104 
18, 52, 60.64444017410278 
19, 68, 90.7982292175293 
19, 62, 76.62838983535767 
12, 18, 19.02002787590027 
16, 72, 79.60358428955078 
1, 66, 285.1725080013275 
22, 2, 1.56292724609375 
1, 58, 275.974308013916 
9, 8, 5.81224513053894 
30, 4, 11.1905517578125 
29, 64, 92.90079760551453 
2, 62, 149.45860886573792 
30, 42, 67.15805459022522 
1, 40, 173.89969992637634 
17, 74, 91.18963146209717 
21, 58, 83.20063281059265 
20, 48, 65.63695049285889 
13, 20, 31.398162126541138 
1, 70, 343.41748690605164 
23, 8, 9.27480173110962 
28, 34, 40.811363697052 
17, 34, 36.43435525894165 
23, 32, 41.02558398246765 
11, 2, 6.063318967819214 
29, 70, 107.16264772415161 
13, 44, 50.14593839645386 
6, 6, 11.536086797714233 
5, 48, 52.707398653030396 
10, 54, 48.15325927734375 
17, 18, 18.27906632423401 
20, 14, 12.780912399291992 
18, 64, 73.50642776489258 
30, 28, 28.8569815158844 
15, 20, 24.284111499786377 
17, 64, 74.05207514762878 
14, 62, 68.1886305809021 
29, 32, 41.426401138305664 
6, 2, 4.338193655014038 
21, 46, 55.064943075180054 
29, 46, 63.961389780044556 
19, 34, 31.43378186225891 
9, 36, 31.75284719467163 
18, 66, 87.71907162666321 
31, 20, 22.212960720062256 
2, 40, 85.92195725440979 
9, 16, 20.40587019920349 
28, 20, 20.549031257629395 
11, 78, 79.14912557601929 
12, 78, 82.13113617897034 
13, 16, 17.333379983901978 
4, 52, 63.53901219367981 
3, 70, 114.50066494941711 
17, 48, 56.392812728881836 
24, 48, 69.87346577644348 
21, 24, 30.86490750312805 
26, 18, 20.256007432937622 
10, 20, 14.739963054656982 
6, 46, 50.69008946418762 
29, 62, 104.58391189575195 
1, 34, 179.5063784122467 
30, 70, 118.10131907463074 
23, 12, 15.935846328735352 
30, 2, 1.6379122734069824 
4, 24, 28.8950514793396 
4, 54, 66.75013494491577 
19, 12, 13.43666672706604 
21, 26, 31.00093126296997 
20, 12, 16.814226627349854 
26, 60, 98.66974830627441 
25, 26, 31.052353858947754 
16, 8, 11.22369933128357 
3, 44, 81.88673901557922 
6, 30, 34.57497596740723 
30, 74, 128.4517946243286 
3, 72, 121.76472401618958 
25, 2, 7.306056261062622 
28, 26, 29.077022075653076 
28, 36, 58.63848090171814 
17, 36, 44.25674653053284 
18, 42, 57.74992227554321 
12, 30, 35.020015239715576 
11, 30, 31.848021745681763 
14, 38, 39.61864471435547 
23, 16, 20.376530408859253 
32, 42, 61.986944913864136 
28, 76, 139.18520975112915 
22, 60, 90.91377210617065 
31, 38, 62.43881893157959 
20, 50, 70.45655703544617 
13, 26, 27.83086848258972 
23, 52, 74.82509851455688 
10, 70, 82.29847264289856 
5, 28, 36.465193033218384 
30, 8, 12.135342121124268 
16, 54, 63.74119019508362 
11, 36, 38.256757497787476 
11, 68, 82.44686508178711 
30, 60, 117.52286028862 
26, 64, 103.29882001876831 
32, 18, 24.555603504180908 
16, 42, 53.00772738456726 
2, 54, 136.14982414245605 
26, 48, 78.13117933273315 
27, 22, 35.64897298812866 
28, 2, 7.057816743850708 
28, 54, 97.77257347106934 
27, 60, 97.27055597305298 
16, 2, 10.388102293014526 
6, 68, 74.81246614456177 
7, 26, 28.39498782157898 
16, 76, 87.98390340805054 
3, 8, 15.420763492584229 
18, 54, 67.41320824623108 
8, 2, 7.219120264053345 
15, 76, 84.58042192459106 
5, 68, 77.51972651481628 
8, 78, 81.22401332855225 
31, 18, 19.21727204322815 
30, 54, 76.91781401634216 
11, 28, 35.151238679885864 
32, 40, 52.44207048416138 
16, 70, 83.22330403327942 
2, 70, 163.42525339126587 
2, 42, 97.87193465232849 
3, 38, 55.194854497909546 
21, 62, 82.87752056121826 
20, 42, 44.52302956581116 
21, 68, 111.05907082557678 
24, 42, 45.77357864379883 
30, 12, 16.123406171798706 
12, 56, 76.16796731948853 
2, 78, 186.83935284614563 
29, 40, 74.4940037727356 
9, 6, 12.556379318237305 
30, 46, 74.90398001670837 
12, 70, 80.70375394821167 
28, 78, 130.74482607841492 
23, 6, 5.700103521347046 
11, 62, 68.84872627258301 
9, 46, 49.30784225463867 
3, 40, 73.01193118095398 
32, 2, 2.9666061401367188 
11, 60, 65.71195006370544 
1, 68, 313.72188329696655 
4, 26, 24.76930856704712 
6, 18, 14.597753763198853 
27, 64, 106.79089736938477 
9, 30, 36.65887928009033 
30, 58, 100.7555341720581 
18, 8, 10.630934000015259 
25, 46, 78.35247993469238 
16, 32, 34.74764561653137 
21, 56, 62.589606046676636 
1, 14, 68.59749674797058 
27, 24, 26.64185881614685 
19, 10, 14.178695917129517 
24, 26, 27.78083109855652 
14, 18, 12.872334241867065 
23, 42, 51.34042429924011 
23, 70, 116.25321984291077 
22, 30, 42.27553462982178 
14, 8, 9.17034649848938 
15, 60, 69.42037582397461 
5, 22, 21.451032400131226 
19, 42, 57.46770668029785 
9, 24, 24.14553928375244 
5, 50, 56.37042450904846 
12, 46, 47.75635075569153 
30, 24, 32.249595642089844 
3, 58, 102.74151396751404 
12, 36, 34.01354169845581 
20, 62, 72.41827297210693 
32, 36, 56.08729791641235 
29, 12, 9.975836753845215 
3, 2, 16.12319850921631 
24, 16, 16.825801372528076 
11, 14, 13.352009534835815 
3, 6, 9.97398567199707 
9, 66, 69.52985692024231 
7, 10, 9.200563430786133 
16, 22, 26.796056509017944 
29, 78, 136.09988975524902 
28, 6, 7.295372009277344 
7, 30, 28.593764305114746 
10, 56, 64.21474003791809 
27, 34, 42.57239842414856 
28, 30, 29.89099383354187 
26, 40, 49.72715353965759 
16, 44, 56.733113527297974 
13, 60, 76.67699670791626 
31, 70, 133.29588890075684 
23, 24, 28.506282091140747 
23, 66, 102.02268981933594 
26, 8, 13.528362512588501 
2, 4, 10.250816583633423 
32, 70, 116.89852571487427 
8, 10, 12.498524904251099 
25, 28, 28.22475242614746 
29, 68, 131.69986176490784 
1, 6, 20.403507947921753 
8, 14, 19.55841040611267 
19, 20, 24.014076471328735 
5, 32, 32.521279096603394 
12, 8, 6.930136203765869 
14, 46, 47.351853370666504 
3, 18, 25.564354181289673 
2, 76, 176.59501385688782 
32, 6, 8.50746488571167 
1, 50, 222.20868492126465 
14, 76, 84.84341645240784 
26, 32, 45.51912307739258 
16, 36, 35.563820362091064 
6, 28, 32.572131633758545 
12, 64, 66.96955823898315 
26, 24, 25.541003465652466 
18, 76, 93.76132416725159 
24, 64, 102.3238639831543 
8, 18, 16.44766092300415 
22, 74, 127.4381217956543 
19, 58, 73.48698711395264 
29, 6, 7.1472930908203125 
29, 4, 6.0894293785095215 
24, 36, 49.81925964355469 
32, 20, 17.63669776916504 
20, 70, 95.8240692615509 
10, 6, 8.269051551818848 
25, 24, 22.952066898345947 
7, 70, 77.92309308052063 
8, 74, 77.89241170883179 
8, 50, 54.81876516342163 
13, 46, 60.114912271499634 
24, 12, 17.11098313331604 
18, 2, 4.994627952575684 
23, 40, 53.63015937805176 
30, 34, 49.72006607055664 
24, 34, 41.111512899398804 
1, 8, 23.27503252029419 
3, 62, 98.5974326133728 
3, 20, 32.553277015686035 
24, 62, 94.12214756011963 
8, 76, 80.87362766265869 
15, 70, 88.63073873519897 
28, 72, 123.42894434928894 
13, 38, 35.235490798950195 
10, 42, 48.391446352005005 
8, 32, 39.35055756568909 
13, 34, 36.87177634239197 
31, 48, 92.71102261543274 
22, 76, 133.65106868743896 
11, 10, 11.893045902252197 
12, 2, 7.313023328781128 
21, 42, 45.248247146606445 
5, 30, 32.482131481170654 
8, 12, 17.082793951034546 
22, 44, 59.88883996009827 
21, 16, 20.069591283798218 
7, 60, 61.76695537567139 
15, 26, 25.602678775787354 
9, 26, 28.764288663864136 
32, 64, 112.21771693229675 
23, 10, 9.525931119918823 
16, 62, 69.10492396354675 
7, 66, 73.58843946456909 
8, 70, 76.13416194915771 
31, 54, 91.14461493492126 
17, 32, 42.875330209732056 
13, 32, 31.709097623825073 
20, 36, 46.807766914367676 
13, 30, 28.36728811264038 
12, 74, 84.83015441894531 
20, 4, 9.978807210922241 
3, 74, 126.08038425445557 
27, 38, 47.93371915817261 
7, 52, 47.617478370666504 
28, 40, 61.961663007736206 
32, 78, 132.20144653320312 
15, 42, 48.29018211364746 
8, 54, 46.507012367248535 
26, 44, 68.2124445438385 
8, 46, 46.66636347770691 
23, 22, 32.28512978553772 
30, 50, 85.43701171875 
3, 28, 44.673908948898315 
15, 12, 18.86033010482788 
21, 30, 36.192559003829956 
15, 16, 15.387725353240967 
31, 2, 4.744333744049072 
12, 22, 21.542924642562866 
26, 46, 69.71148681640625 
25, 44, 70.75327897071838 
13, 48, 62.88215613365173 
14, 36, 46.668625831604004 
6, 12, 13.944108486175537 
2, 48, 106.03012371063232 
21, 38, 40.10212707519531 
15, 40, 44.78219795227051 
25, 76, 128.30003929138184 
17, 78, 100.48171997070312 
1, 20, 108.8734998703003 
17, 38, 41.68527102470398 
1, 54, 217.97010684013367 
19, 66, 97.20527863502502 
15, 78, 93.62763333320618 
23, 54, 94.88228178024292 
16, 50, 60.74844527244568 
19, 44, 62.72539758682251 
29, 36, 33.70068407058716 
17, 54, 75.83586382865906 
7, 76, 81.38032507896423 
2, 20, 42.075366735458374 
10, 26, 31.073333740234375 
6, 62, 66.9659116268158 
22, 46, 79.83687353134155 
2, 16, 29.763097763061523 
31, 66, 113.2299907207489 
21, 48, 65.52881383895874 
7, 50, 55.84152364730835 
26, 42, 76.29778265953064 
29, 52, 99.51764631271362 
8, 72, 76.14105200767517 
10, 58, 58.94547200202942 
3, 14, 29.800315618515015 
3, 24, 42.21011543273926 
19, 6, 16.898386240005493 
1, 28, 134.94165897369385 
24, 50, 74.65272569656372 
4, 30, 37.84139847755432 
12, 38, 42.113802671432495 
14, 78, 92.7283034324646 
18, 32, 47.42297959327698 
12, 42, 41.320950508117676 
20, 2, 6.030858039855957 
31, 56, 84.10605144500732 
24, 24, 29.422827005386353 
17, 70, 86.09725093841553 
6, 42, 53.7164363861084 
6, 48, 47.126325368881226 
20, 16, 20.736082553863525 
1, 64, 309.7825779914856 
6, 52, 66.38100123405457 
11, 16, 17.170536994934082 
29, 28, 26.654685497283936 
4, 34, 46.16079592704773 
22, 40, 50.80923509597778 
29, 22, 24.417465925216675 
11, 20, 18.189006567001343 
16, 64, 73.44717407226562 
32, 38, 51.60605311393738 
20, 52, 73.71820735931396 
26, 30, 43.29461407661438 
14, 14, 11.48443603515625 
28, 44, 64.65808200836182 
28, 66, 115.00787997245789 
9, 32, 32.70768404006958 
24, 44, 67.40310859680176 
28, 52, 90.66016793251038 
11, 4, 5.936261415481567 
3, 30, 57.07973766326904 
31, 22, 24.908349990844727 
15, 62, 67.64936804771423 
27, 12, 14.599967241287231 
11, 64, 75.78601098060608 
15, 24, 26.92585277557373 
20, 76, 96.94703269004822 
3, 16, 26.014357566833496 
5, 40, 45.481810569763184 
22, 14, 17.701081037521362 
18, 50, 54.64062714576721 
6, 76, 78.23815107345581 
3, 26, 42.80251979827881 
27, 70, 137.15433192253113 
29, 14, 21.68453598022461 
4, 2, 7.6397950649261475 
31, 24, 26.651925563812256 
12, 44, 45.36224007606506 
7, 62, 66.48065280914307 
8, 42, 42.27943730354309 
13, 70, 81.28066396713257 
31, 74, 117.9513885974884 
8, 44, 53.27206254005432 
23, 20, 20.845950841903687 
9, 68, 74.56938982009888 
24, 32, 44.27211141586304 
29, 10, 10.123433589935303 
17, 2, 8.310478925704956 
15, 52, 62.75663137435913 
27, 78, 127.2057204246521 
9, 64, 68.84058141708374 
15, 58, 74.82482862472534 
17, 58, 76.64162421226501 
4, 72, 85.69948935508728 
15, 22, 24.471866130828857 
12, 12, 11.902528047561646 
29, 16, 13.077889919281006 
4, 68, 90.70156145095825 
12, 66, 79.63007974624634 
31, 60, 101.07707858085632 
14, 68, 77.8800778388977 
4, 66, 87.24911499023438 
25, 68, 125.24248600006104 
2, 56, 117.01772451400757 
20, 72, 104.71103882789612 
23, 68, 124.56296062469482 
30, 66, 95.50171065330505 
25, 52, 89.65752387046814 
17, 4, 10.324145555496216 
28, 60, 107.39873909950256 
19, 56, 68.84260034561157 
6, 50, 58.03718185424805 
8, 64, 65.78504180908203 
8, 28, 32.46338677406311 
12, 34, 41.825862646102905 
14, 4, 8.03298306465149 
7, 36, 38.03987216949463 
31, 76, 129.23219966888428 
26, 2, 5.699081897735596 
9, 42, 45.086639642715454 
11, 46, 47.869938135147095 
5, 72, 76.6400134563446 
26, 72, 117.75647640228271 
6, 44, 38.108651876449585 
26, 66, 100.21890187263489 
31, 28, 44.39477586746216 
21, 22, 20.76754069328308 
5, 8, 11.29306173324585 
18, 30, 35.28050494194031 
28, 32, 34.96133494377136 
9, 44, 40.087159872055054 
20, 38, 37.34734630584717 
26, 20, 23.957505464553833 
6, 56, 56.628461837768555 
18, 48, 56.221211433410645 
24, 2, 1.7332813739776611 
26, 14, 18.19157385826111 
30, 22, 35.215129137039185 
13, 36, 39.92985439300537 
25, 18, 12.751378059387207 
21, 78, 96.33979439735413 
22, 36, 47.954431772232056 
20, 22, 25.13627529144287 
17, 66, 82.37725567817688 
5, 76, 89.43655967712402 
5, 44, 50.062331438064575 
13, 66, 74.79963493347168 
28, 22, 28.852617979049683 
22, 68, 101.95321559906006 
16, 16, 22.55522584915161 
17, 6, 9.074216842651367 
12, 62, 75.72084331512451 
26, 6, 12.472220420837402 
2, 14, 32.14694356918335 
31, 36, 47.66621112823486 
21, 32, 38.449424505233765 
14, 16, 17.990556716918945 
23, 18, 18.64429211616516 
30, 10, 16.986831426620483 
2, 26, 77.53221035003662 
2, 46, 104.10706758499146 
4, 22, 37.77086424827576 
5, 26, 37.76970648765564 
7, 6, 10.808329343795776 
6, 24, 28.12884259223938 
26, 56, 97.22944951057434 
2, 6, 14.410170793533325 
25, 6, 7.192344427108765 
2, 22, 65.23898315429688 
27, 18, 17.359896898269653 
2, 36, 89.30995202064514 
19, 72, 97.5304536819458 
2, 32, 76.22058463096619 
20, 74, 109.60126256942749 
10, 22, 26.781742572784424 
24, 46, 57.52353858947754 
10, 34, 33.52987456321716 
10, 74, 80.07143449783325 
13, 14, 18.42090153694153 
16, 34, 44.19493627548218 
10, 8, 13.055724143981934 
19, 54, 67.70706343650818 
31, 34, 32.21541452407837 
13, 28, 29.188762664794922 
19, 78, 120.79634213447571 
18, 34, 30.83641266822815 
23, 28, 27.85524892807007 
7, 2, 6.293888330459595 
25, 50, 75.87271475791931 
6, 72, 78.48749160766602 
22, 58, 95.9820339679718 
22, 64, 89.2545599937439 
11, 42, 45.72247362136841 
14, 10, 14.2440664768219 
3, 36, 61.171018838882446 
8, 36, 42.30307412147522 
31, 10, 13.880007266998291 
28, 42, 59.892738580703735 
13, 54, 66.32755208015442 
31, 44, 83.50767207145691 
17, 20, 23.174968242645264 
4, 48, 48.33203601837158 
2, 68, 164.29686832427979 
9, 78, 84.2857894897461 
17, 22, 30.752504587173462 
32, 62, 106.07577276229858 
18, 68, 80.74685835838318 
32, 50, 86.63920569419861 
25, 34, 44.7497923374176 
4, 42, 55.908182859420776 
29, 34, 42.04596185684204 
23, 74, 113.62067222595215 
19, 50, 61.535146713256836 
11, 74, 81.11952590942383 
21, 44, 44.01563739776611 
30, 20, 21.25845956802368 
11, 38, 44.48695659637451 
5, 10, 12.826385736465454 
27, 30, 32.88382411003113 
15, 8, 11.697577714920044 
20, 34, 35.98407816886902 
11, 26, 29.234545707702637 
27, 68, 130.9057800769806 
13, 52, 62.52912092208862 
18, 4, 11.682845115661621 
19, 32, 35.30649757385254 
4, 32, 55.73332595825195 
8, 34, 45.7204806804657 
9, 4, 11.32988953590393 
2, 8, 32.68278622627258 
1, 56, 245.85084080696106 
24, 18, 15.68782663345337 
28, 14, 14.717348337173462 
7, 78, 82.90012812614441 
14, 40, 48.87868547439575 
11, 66, 78.60970115661621 
3, 56, 86.39350962638855 
4, 44, 66.34439516067505 
8, 40, 44.98013401031494 
31, 30, 35.8006272315979 
14, 48, 49.49409770965576 
32, 68, 120.1101803779602 
30, 76, 124.9344847202301 
10, 10, 11.256095170974731 
19, 28, 34.192928075790405 
18, 60, 73.00940608978271 
13, 24, 30.172354459762573 
14, 70, 89.85008525848389 
22, 38, 51.20397353172302 
22, 52, 88.26216745376587 
4, 38, 40.31749987602234 
14, 44, 46.71440625190735 
17, 72, 90.62753677368164 
9, 58, 57.95037484169006 
18, 10, 13.93369460105896 
27, 40, 65.01972317695618 
17, 60, 62.846877336502075 
31, 16, 17.35531210899353 
3, 12, 20.777350187301636 
14, 42, 51.850584745407104 
26, 50, 68.25880813598633 
3, 4, 8.456419229507446 
11, 40, 51.29668998718262 
22, 72, 117.0271430015564 
27, 14, 16.515279054641724 
26, 62, 114.33627653121948 
3, 22, 40.71545767784119 
2, 24, 59.566112995147705 
13, 74, 85.90114974975586 
1, 48, 217.4827218055725 
27, 32, 37.67900347709656 
18, 62, 73.11129331588745 
26, 36, 56.0251898765564 
25, 64, 110.7854380607605 
15, 74, 83.36393857002258 
20, 64, 79.58754014968872 
32, 66, 100.60311222076416 
27, 26, 23.415755033493042 
23, 34, 33.198068141937256 
10, 24, 37.7625994682312 
29, 44, 66.0873851776123 
31, 32, 38.042983055114746 
2, 60, 144.80243372917175 
5, 14, 12.431583166122437 
27, 54, 79.84939098358154 
28, 68, 118.81071710586548 
16, 68, 78.50193977355957 
30, 30, 29.098930597305298 
1, 78, 349.7380475997925 
19, 60, 77.45061230659485 
11, 32, 29.232226133346558 
11, 56, 60.955331802368164 
3, 78, 128.36346673965454 
15, 44, 51.2936692237854 
18, 74, 97.49928569793701 
2, 28, 49.45271301269531 
9, 12, 15.00419306755066 
10, 52, 54.83396100997925 
24, 28, 27.510834455490112 
11, 50, 55.73461413383484 
6, 66, 67.37206816673279 
11, 12, 10.633754253387451 
16, 46, 63.92722702026367 
1, 60, 259.7240364551544 
16, 20, 18.304077625274658 
30, 18, 22.148213148117065 
24, 72, 122.44835829734802 
24, 20, 22.692521810531616 
7, 16, 15.080023050308228 
8, 58, 62.8846435546875 
22, 24, 25.37796974182129 
6, 38, 38.19974160194397 
18, 78, 108.65911149978638 
11, 58, 60.84051990509033 
16, 14, 14.362390518188477 
19, 70, 87.8385841846466 
32, 74, 134.51304984092712 
21, 40, 41.39507532119751 
20, 8, 13.217780828475952 
11, 76, 87.68044400215149 
17, 26, 30.767874240875244 
19, 36, 47.77185583114624 
31, 50, 73.29957437515259 
2, 52, 136.69935011863708 
19, 76, 119.81374835968018 
22, 42, 61.941678524017334 
15, 34, 37.07608103752136 
1, 24, 118.85082912445068 
1, 46, 232.50663685798645 
27, 42, 65.05105495452881 
32, 16, 17.712716579437256 
27, 72, 129.88785576820374 
11, 54, 63.05745244026184 
4, 60, 86.30104327201843 
8, 56, 57.7453351020813 
7, 40, 40.188578844070435 
14, 26, 29.04099988937378 
32, 4, 5.8717896938323975 
3, 48, 83.79200720787048 
6, 36, 37.1285560131073 
31, 26, 30.870232105255127 
32, 30, 36.44864225387573 
22, 78, 132.14891958236694 
31, 58, 109.42918610572815 
9, 14, 17.810412645339966 
23, 76, 115.55095028877258 
30, 16, 23.51646137237549 
23, 64, 83.3905246257782 
27, 28, 33.17842197418213 
18, 36, 46.08259177207947 
10, 38, 39.98981308937073 
17, 14, 18.824536085128784 
29, 54, 89.09960389137268 
24, 70, 115.55708622932434 
10, 14, 17.11971163749695 
12, 54, 61.95454788208008 
5, 70, 76.83560299873352 
8, 38, 39.39408612251282 
16, 6, 7.598682165145874 
24, 22, 23.89307451248169 
1, 38, 176.35353422164917 
2, 34, 90.6313636302948 
21, 74, 105.58152461051941 
25, 56, 75.10486626625061 
12, 40, 40.717957973480225 
22, 62, 85.1038556098938 
6, 16, 11.722291707992554 
26, 28, 29.55291175842285 
18, 14, 18.82791566848755 
3, 60, 103.98293614387512 
27, 50, 81.03182053565979 
15, 66, 82.46026992797852 
22, 4, 8.53431749343872 
9, 34, 38.72555184364319 
6, 20, 22.079668521881104 
23, 26, 21.610836267471313 
7, 12, 12.727457284927368 
9, 72, 71.66356182098389 
7, 64, 61.26012420654297 
12, 52, 54.73467206954956 
24, 78, 132.473393201828 
25, 20, 29.982383966445923 
22, 12, 13.674803972244263 
14, 30, 29.393746376037598 
20, 32, 38.227853536605835 
6, 8, 11.863567352294922 
28, 38, 36.80207824707031 
26, 76, 131.80472040176392 
6, 4, 6.302057981491089 
16, 10, 7.447033405303955 
32, 12, 14.164771556854248 
5, 18, 23.34892964363098 
26, 16, 16.26755714416504 
7, 56, 59.16606616973877 
22, 66, 106.92447757720947 
18, 44, 48.67372441291809 
7, 18, 24.133812427520752 
10, 16, 24.170414686203003 
13, 50, 61.065131425857544 
8, 24, 24.506498098373413 
31, 8, 7.910974502563477 
6, 78, 83.25779986381531 
13, 64, 74.5980908870697 
15, 54, 66.85174179077148 
4, 62, 81.2738401889801 
23, 14, 17.787900686264038 
10, 50, 55.85358428955078 
28, 12, 13.348112106323242 
30, 38, 49.57357335090637 
14, 56, 62.721702337265015 
15, 68, 76.56677222251892 
26, 26, 30.26247501373291 
29, 56, 100.3617856502533 
23, 2, 4.697932481765747 
20, 66, 95.81433033943176 
25, 14, 13.447044134140015 
27, 6, 8.356345176696777 
30, 6, 9.656004905700684 
23, 44, 58.979931116104126 
17, 50, 59.37451410293579 
18, 16, 15.705824613571167 
31, 62, 117.28523874282837 
14, 60, 72.05184078216553 
9, 38, 43.91164588928223 
32, 76, 123.426748752594 
19, 18, 11.898962259292603 
15, 18, 24.14222264289856 
21, 12, 10.19040060043335 
19, 8, 8.138099193572998 
15, 32, 31.444796800613403 
24, 68, 98.48935198783875 
32, 58, 103.07302737236023 
13, 76, 87.36543273925781 
28, 8, 12.242656469345093 
26, 70, 106.15440893173218 
26, 4, 12.034682989120483 
5, 16, 21.707961320877075 
17, 56, 65.55157494544983 
8, 22, 22.68399667739868 
7, 46, 44.0311393737793 
7, 20, 18.0323486328125 
14, 50, 54.853593826293945 
19, 74, 114.60389518737793 
13, 40, 49.583141803741455 
21, 54, 76.19919967651367 
27, 20, 26.70183229446411 
5, 62, 72.7278687953949 
32, 44, 60.11901378631592 
25, 74, 123.48815846443176 
1, 2, 15.128846645355225 
4, 58, 67.23250961303711 
15, 50, 68.87138152122498 
24, 52, 92.88622212409973 
28, 18, 19.283573389053345 
2, 66, 159.19686341285706 
18, 56, 68.89201664924622 
1, 16, 73.73907423019409 
9, 48, 52.90148735046387 
7, 14, 13.184512853622437 
29, 26, 34.154393672943115 
7, 68, 70.49073934555054 
12, 16, 13.985694885253906 
4, 10, 18.56341576576233 
29, 8, 12.278662919998169 
27, 2, 5.473366737365723 
7, 4, 8.339399576187134 
9, 20, 22.18506956100464 
2, 38, 85.15921878814697 
15, 6, 6.039753437042236 
15, 56, 62.92842435836792 
17, 52, 64.91119956970215 
3, 68, 114.36927652359009 
24, 74, 122.66684103012085 
9, 70, 79.92480516433716 
5, 46, 51.461238861083984 
17, 16, 20.824673652648926 
26, 54, 83.75367164611816 
32, 8, 10.958065032958984 
9, 50, 50.569244146347046 
14, 28, 35.71961855888367 
9, 10, 12.540719032287598 
26, 78, 144.60030484199524 
29, 24, 26.034941911697388 
25, 54, 87.88015818595886 
30, 72, 145.55645370483398 
19, 14, 23.198328495025635 
8, 6, 8.079846858978271 
16, 48, 55.13195562362671 
25, 10, 13.612425327301025 
19, 16, 20.697503089904785 
16, 66, 86.4211859703064 
31, 6, 10.930428743362427 
4, 8, 11.631988048553467 
32, 10, 13.096369981765747 
1, 32, 154.4064586162567 
31, 52, 82.94390892982483 
4, 28, 34.40207028388977 
24, 60, 99.20984172821045 
9, 74, 74.42745232582092 
10, 32, 28.132274866104126 
25, 4, 9.837188959121704 
14, 32, 34.85009837150574 
30, 78, 141.6535665988922 
28, 64, 111.97764778137207 
22, 54, 73.78649830818176 
8, 26, 24.636459827423096 
6, 60, 71.36142826080322 
16, 74, 82.60876202583313 
9, 22, 21.468634843826294 
25, 48, 52.30300521850586 
12, 68, 73.11875009536743 
26, 38, 52.763432025909424 
19, 46, 54.49626350402832 
29, 2, 7.38664174079895 
9, 62, 67.90049815177917 
2, 64, 136.0414514541626 
9, 28, 32.59749984741211 
32, 24, 28.46231722831726 
6, 32, 35.69734311103821 
23, 30, 32.002052783966064 
2, 10, 19.682065963745117 
30, 48, 71.34825325012207 
14, 52, 63.276504039764404 
30, 32, 31.913023233413696 
28, 70, 97.56789898872375 
21, 8, 8.314626693725586 
1, 52, 207.56721568107605 
23, 48, 57.972485065460205 
19, 64, 79.71931433677673 
14, 74, 81.22123527526855 
27, 36, 42.09330129623413 
15, 30, 31.678133249282837 
5, 20, 21.66048765182495 
8, 8, 12.674628257751465 
14, 66, 69.7579574584961 
11, 18, 20.59420895576477 
27, 58, 63.67185854911804 
17, 62, 74.65589189529419 
21, 66, 78.04916834831238 
24, 38, 34.339569330215454 
18, 40, 42.97461199760437 
3, 42, 68.09687852859497 
4, 4, 4.648852348327637 
18, 18, 22.451460123062134 
16, 38, 49.24590086936951 
6, 22, 27.445892810821533 
25, 8, 16.46315312385559 
24, 56, 84.99775886535645 
29, 58, 90.82347393035889 
1, 12, 66.02078223228455 
14, 72, 86.23808169364929 
7, 72, 72.54891657829285 
7, 22, 23.114853858947754 
15, 14, 24.544759273529053 
19, 22, 22.08564782142639 
22, 6, 17.14394783973694 
23, 38, 51.050583839416504 
8, 52, 52.325769662857056 
1, 74, 336.649799823761 
15, 10, 12.628515720367432 
20, 60, 67.18662428855896 
19, 52, 60.40967679023743 
29, 74, 116.20794129371643 
17, 46, 49.372283697128296 
23, 58, 80.69183373451233 
8, 60, 64.42706489562988 
2, 74, 180.57193064689636 
14, 34, 32.29498314857483 
2, 12, 26.93377161026001 
28, 74, 121.03656339645386 
7, 54, 54.45544171333313 
21, 18, 17.151291370391846 
7, 24, 24.698627471923828 
11, 22, 21.771140813827515 
3, 46, 70.30164313316345 
13, 78, 84.24842882156372 
22, 50, 76.65033268928528 
14, 24, 21.952948093414307 
1, 18, 62.531166791915894 
29, 30, 32.23883867263794 
13, 12, 15.217392683029175 
31, 42, 55.7521767616272 
27, 8, 7.013951301574707 
27, 56, 85.49580359458923 
13, 72, 82.49412631988525 
4, 50, 54.91702890396118 
6, 58, 62.530778884887695 
23, 50, 70.30372309684753 
26, 10, 10.888183116912842 
9, 56, 56.07828140258789 
24, 40, 50.770366191864014 
29, 42, 59.24232339859009 
18, 28, 38.770567893981934 
12, 28, 34.33642840385437 
12, 50, 48.91744327545166 
1, 44, 158.01319408416748 
32, 56, 89.54686069488525 
12, 26, 27.091795921325684 
29, 50, 70.33637738227844 
4, 36, 48.70767521858215 
7, 28, 36.72459959983826 
30, 52, 75.75500178337097 
26, 74, 119.10500001907349 
12, 48, 45.48019242286682 
17, 8, 9.273742914199829 
7, 74, 75.47898840904236 
31, 78, 128.67620944976807 
22, 8, 7.469540596008301 
17, 28, 31.88752245903015 
4, 20, 30.5545175075531 
28, 58, 87.48425436019897 
18, 6, 8.179067611694336 
19, 30, 32.970731019973755 
21, 14, 14.843792915344238 
20, 26, 32.131757974624634 
4, 70, 88.62647438049316 
21, 72, 109.08874273300171 
20, 20, 28.605369806289673 
19, 40, 39.36261582374573 
16, 40, 38.536683320999146 
20, 54, 64.02646255493164 
27, 10, 10.375330686569214 
30, 56, 97.4872076511383 
20, 6, 6.828470230102539 
21, 6, 9.850364446640015 
20, 10, 10.631483554840088 
2, 50, 105.34713840484619 
8, 68, 68.82283186912537 
24, 54, 86.97926330566406 
3, 50, 73.68083953857422 
20, 56, 72.36342072486877 
18, 58, 68.84897637367249 
18, 72, 91.2023651599884 
22, 22, 26.751803159713745 
7, 58, 56.241997718811035 
21, 70, 101.64265441894531 
25, 32, 43.55871820449829 
12, 4, 9.106215000152588 
14, 12, 11.593254566192627 
6, 54, 53.27708292007446 
16, 58, 56.92504405975342 
30, 40, 49.901816606521606 
15, 48, 54.93881034851074 
32, 34, 48.00766944885254 
24, 58, 79.85699009895325 
23, 62, 95.03276753425598 
11, 24, 23.782064199447632 
16, 24, 20.43071174621582 
23, 56, 77.62117004394531 
11, 52, 55.89520716667175 
16, 30, 29.674184799194336 
2, 58, 134.53251910209656 
29, 48, 75.59612464904785 
6, 26, 27.16313934326172 
2, 44, 91.09591031074524 
25, 30, 33.238330125808716 
23, 46, 57.07509446144104 
2, 18, 45.001030921936035 
15, 64, 77.63677597045898 
3, 52, 88.42967534065247 
27, 44, 55.79951071739197 
23, 78, 115.11919808387756 
5, 64, 74.51469039916992 
15, 36, 41.588072538375854 
12, 32, 38.17932462692261 
2, 72, 164.912700176239 
29, 20, 23.506738901138306 
10, 78, 80.50339674949646 
16, 28, 30.00934600830078 
13, 68, 78.42548179626465 
13, 22, 18.77969527244568 
3, 64, 97.9904215335846 
7, 32, 37.85942077636719 
32, 28, 24.376498460769653 
3, 10, 23.517714500427246 
28, 24, 33.07431364059448 
21, 28, 40.74389338493347 
26, 58, 96.06115412712097 
11, 70, 74.71245861053467 
12, 58, 67.13766932487488 
4, 64, 78.24940490722656 
26, 12, 19.533331871032715 
16, 26, 36.91415882110596 
21, 20, 19.5756778717041 
26, 52, 74.8285744190216 
32, 72, 117.82482171058655 
21, 76, 110.4188289642334 
29, 66, 106.90045189857483 
21, 2, 9.49769377708435 
27, 62, 93.84192490577698 
22, 28, 30.86561417579651 
14, 2, 5.446878671646118 
19, 4, 6.535477876663208 
10, 62, 68.8395426273346 
5, 6, 7.958206415176392 
4, 16, 18.895837783813477 
1, 30, 148.22167801856995 
10, 46, 46.213064432144165 
25, 36, 50.276294469833374 
25, 22, 30.064729690551758 
5, 24, 27.158317804336548 
5, 58, 63.71797704696655 
13, 8, 7.389458894729614 
10, 30, 29.64468026161194 
27, 16, 17.642248153686523 
25, 42, 62.505863666534424 
20, 40, 52.34805154800415 
14, 58, 66.47309398651123 
3, 76, 125.65659809112549 
25, 60, 108.92642164230347 
8, 30, 31.08150053024292 
29, 60, 102.30885457992554 
25, 40, 68.46796989440918 
6, 70, 72.11067843437195 
27, 48, 67.21526384353638 
30, 14, 13.971968173980713 
21, 52, 64.79152870178223 
10, 44, 44.23269057273865 
24, 8, 10.365134477615356 
18, 38, 39.720911741256714 
12, 14, 16.090440034866333 
17, 10, 13.766640663146973 
12, 10, 17.52351140975952 
19, 38, 41.20911121368408 
25, 72, 123.12577056884766 
1, 42, 176.057799577713 
30, 44, 58.504268169403076 
5, 78, 84.38950634002686 
17, 40, 50.043713092803955 
31, 4, 17.036885976791382 
18, 70, 87.14972567558289 
9, 60, 66.67933320999146 
21, 64, 84.01275658607483 
10, 64, 65.63127422332764 
8, 4, 5.507279872894287 
5, 2, 5.547070264816284 
1, 4, 20.667572021484375 
28, 46, 74.99752473831177 
15, 28, 28.851380348205566 
6, 64, 73.7413957118988 
23, 4, 7.488217830657959 
5, 12, 15.452619552612305 
20, 28, 44.51810550689697 
31, 46, 86.43653583526611 
6, 10, 19.94882845878601 
31, 12, 17.28722333908081 
20, 24, 36.03613257408142 
30, 36, 40.685272216796875 
21, 4, 6.2021050453186035 
22, 18, 20.628188371658325 
24, 76, 135.40286302566528 
5, 34, 42.894851207733154 
17, 30, 24.607360363006592 
26, 34, 36.7314989566803 
5, 54, 63.11598992347717 
1, 26, 146.3784031867981 
29, 38, 65.2312581539154 
32, 60, 100.48004937171936 
20, 30, 28.47050189971924 
4, 40, 39.65916061401367 
16, 56, 68.38199400901794 
18, 20, 26.54347062110901 
12, 24, 30.033474922180176 
22, 20, 24.867154121398926 
1, 10, 40.3698992729187 
20, 44, 55.11558198928833 
10, 68, 69.4321436882019 
13, 2, 9.700225591659546 
7, 48, 51.87524747848511 
17, 24, 22.08466649055481 
3, 66, 109.06337428092957 
4, 76, 89.26340413093567 
12, 60, 66.88014650344849 
19, 48, 54.00863790512085 
23, 60, 97.51878333091736 
28, 62, 95.2658519744873 
13, 58, 62.42435646057129 
27, 52, 94.16946744918823 
26, 22, 20.621117115020752 
24, 10, 10.466424703598022 
7, 42, 43.011173486709595 
17, 76, 88.47100710868835 
18, 12, 13.51882004737854 
27, 74, 133.52379179000854 
10, 36, 37.676974296569824 
13, 4, 1.7019505500793457 
29, 72, 127.9482421875 
22, 10, 13.75707745552063 
20, 78, 108.98914170265198 
7, 34, 46.66319751739502 
26, 68, 99.31754803657532 
22, 70, 122.75426054000854 
12, 6, 5.601292371749878 
22, 56, 66.93851852416992 
22, 26, 30.480642080307007 
19, 26, 36.389994859695435 
25, 58, 100.36176466941833 
10, 60, 67.61189651489258 
31, 72, 124.630366563797 
5, 36, 37.461429595947266 
27, 76, 134.3797459602356 
4, 14, 15.659222841262817 
12, 72, 81.15845012664795 
2, 30, 85.33350253105164 
10, 72, 75.92033767700195 
28, 50, 68.46237754821777 
25, 70, 122.91213989257812 
28, 56, 78.24040484428406 
32, 14, 14.952362775802612 
1, 36, 152.0476644039154 
15, 4, 12.300239562988281 
15, 38, 35.63490152359009 
4, 12, 16.99078130722046 
3, 32, 47.82235527038574 
28, 4, 9.563992500305176 
30, 64, 109.51733589172363 
13, 42, 43.248029708862305 
14, 54, 63.20000457763672 
31, 68, 116.20601558685303 
1, 76, 350.8816022872925 
5, 38, 39.80492687225342 
4, 78, 98.52805161476135 
12, 76, 86.03863453865051 
10, 48, 53.103360652923584 
18, 24, 27.542919397354126 
7, 8, 11.445791482925415 
25, 66, 107.88613605499268 
11, 48, 50.48465156555176 
29, 18, 16.602112770080566 
17, 42, 43.82715439796448 
23, 36, 45.65012240409851 
24, 30, 32.34762692451477 
1, 62, 276.75360083580017 
32, 52, 85.05213046073914 
10, 28, 28.27711296081543 
9, 2, 4.115748167037964 
20, 18, 16.86211371421814 
30, 26, 33.048811197280884 
10, 66, 73.69800090789795 
20, 58, 90.29698181152344 
22, 32, 38.601499795913696 
10, 18, 21.495168924331665 
7, 38, 39.56287097930908 
24, 14, 17.45060396194458 
10, 4, 8.698256015777588 
21, 34, 29.27984094619751 
17, 68, 90.86794137954712 
18, 22, 28.41227698326111 
17, 12, 11.040217638015747 
27, 4, 10.830092430114746 
5, 4, 7.247699737548828 
16, 60, 74.54123377799988 
32, 26, 37.33202123641968 
4, 56, 71.21449327468872 
8, 20, 23.070926904678345 
10, 76, 89.4036123752594 
31, 14, 16.678363800048828 
14, 6, 8.955700874328613 
28, 16, 24.717633724212646 
4, 74, 90.03975009918213 
25, 38, 63.76318311691284 
28, 28, 36.336323499679565 
9, 18, 19.443992853164673 
16, 12, 13.506824731826782 
16, 52, 64.2566659450531 
30, 68, 117.76852107048035 
23, 72, 118.57030463218689 
6, 40, 44.23077154159546 
28, 48, 77.96161985397339 
4, 18, 23.467414379119873 
20, 68, 98.29344582557678 
